,orgcoord_x,orgcoord_y,percoord_x,percoord_y,decoord_x,decoord_y
0,10752,10528,6979.402411974591,-6926.29441839298,10752,10528
1,21280,6944,379.99999999999915,69.99999999999974,21280,6944
2,15680,15232,-6219.402411974591,7066.29441839298,15680,15232
3,4480,7840,382.00000000000085,72.00000000000026,4480,7840
4,28672,19040,383.0,73.0,28672,19040
5,24640,8736,384.0,74.0,24640,8736
