,orgcoord_x,orgcoord_y,percoord_x,percoord_y,decoord_x,decoord_y
0,38304,24864,-9947.794099049996,-3984.874151036065,38304,24864
1,28896,11424,681.9999999999986,147.99999999999957,28896,11424
2,29792,27776,11311.794099049996,4280.874151036065,29792,27776
3,41440,26208,684.0000000000014,150.00000000000043,41440,26208
4,8512,17920,685.0,151.0,8512,17920
5,34944,22848,686.0,152.0,34944,22848
