,orgcoord_x,orgcoord_y,percoord_x,percoord_y,decoord_x,decoord_y
0,15904,10752,-14658.293761526225,1392.575660138356,15904,10752
1,25760,12096,577.9999999999993,469.99999999999994,25760,12096
2,36064,11200,15814.293761526225,-452.57566013835594,36064,11200
3,48608,10304,580.0000000000007,472.00000000000006,48608,10304
