,orgcoord_x,orgcoord_y,percoord_x,percoord_y,decoord_x,decoord_y
0,37632,32928,-15054.315856139543,-15405.697000778224,37632,32928
1,38080,38752,-2933.445810316302,-3966.149602654589,38080,38752
2,28224,23744,16527.81647461543,9510.097640092239,28224,23744
3,7840,13888,-5311.215961403273,5083.899280532012,7840,13888
4,19488,11872,6206.081315945265,17180.09844957648,19488,11872
5,22400,13888,8171.577352554089,-3977.5519156597065,22400,13888
6,30912,35616,-6743.581934421148,-10124.499088890494,30912,35616
7,31808,29568,1013.0844191654858,4023.8022377822854,31808,29568
