,orgcoord_x,orgcoord_y,percoord_x,percoord_y,decoord_x,decoord_y
0,22400,1568,12477.987601699831,-10664.937128388394,22400,1568
1,4032,11424,-1234.504171387452,-4855.287560115552,4032,11424
2,25984,6272,524.0000000000019,736.9999999999962,25984,6272
3,7168,11424,-8983.85574171603,-1834.9133730589574,7168,11424
4,16352,10528,-3058.6123352944574,9313.191733676445,16352,10528
5,17024,19712,526.9999999999991,740.0000000000018,17024,19712
6,8736,20608,-1919.1318599838028,14713.850501447352,8736,20608
7,12320,27104,5871.116506681909,-2240.9041735608926,12320,27104
8,27552,12768,529.9999999999994,743.0000000000019,27552,12768
