,orgcoord_x,orgcoord_y,percoord_x,percoord_y,decoord_x,decoord_y
0,37856,14560,-4007.415801681239,-26950.99560529142,37856,14560
1,37632,9184,9150.713007642844,-1441.2808971138168,37632,9184
2,38080,13440,965.0000000000017,381.9999999999924,38080,13440
3,30688,48832,21265.558687264776,35322.37425392743,30688,48832
4,38080,52416,-1413.2137607235168,-460.7014394276291,38080,52416
5,11648,42336,967.999999999996,385.00000000000585,11648,42336
6,23520,27328,-14360.142885583538,-7222.378648636015,23520,27328
7,43008,19936,-4836.4992469193285,3053.9823365414477,43008,19936
8,46368,24864,971.0000000000023,387.99999999999994,46368,24864
