,orgcoord_x,orgcoord_y,percoord_x,percoord_y,decoord_x,decoord_y
0,38304,24864,-10181.794099049996,-3786.874151036065,38304,24864
1,28896,11424,447.9999999999986,345.9999999999996,28896,11424
2,29792,27776,11077.794099049996,4478.874151036065,29792,27776
3,41440,26208,450.0000000000014,348.0000000000004,41440,26208
4,8512,17920,451.0,349.0,8512,17920
5,34944,22848,452.0,350.0,34944,22848
